Code,Group,Household name,Relationship,Side,Category,Adults invited,Children invited,Phone,WhatsApp,Email,City,Expected cash gift,Cash gift received,Notes
G001,Family & Relatives,Household 001,,Groom,Relatives,4,0,,,,,10000,,
G002,Family & Relatives,Household 002,,Groom,Relatives,4,0,,,,,5000,,
G003,Family & Relatives,Household 003,,Groom,Relatives,3,0,,,,,5000,,
G004,Family & Relatives,Household 004,,Groom,Relatives,3,0,,,,,5000,,
G005,Family & Relatives,Household 005,,Groom,Relatives,2,0,,,,,5000,,
G006,Family & Relatives,Household 006,,Groom,Relatives,1,0,,,,,5000,,
G007,Family & Relatives,Household 007,,Groom,Relatives,2,0,,,,,5000,,
G008,Family & Relatives,Household 008,,Groom,Relatives,1,0,,,,,5000,,
G009,Family & Relatives,Household 009,,Groom,Relatives,2,0,,,,,5000,,
G010,Family & Relatives,Household 010,,Groom,Relatives,1,0,,,,,5000,,
G011,Family & Relatives,Household 011,,Groom,Relatives,1,0,,,,,5000,,
G012,Family & Relatives,Household 012,,Groom,Relatives,1,0,,,,,5000,,
G013,Family & Relatives,Household 013,,Groom,Relatives,4,0,,,,,10000,,
G014,Family & Relatives,Household 014,,Groom,Relatives,4,0,,,,,5000,,
G015,Family & Relatives,Household 015,,Groom,Relatives,2,0,,,,,5000,,
G016,Family & Relatives,Household 016,,Groom,Relatives,1,0,,,,,5000,,
G017,Family & Relatives,Household 017,,Groom,Relatives,3,0,,,,,10000,,
G018,Family & Relatives,Household 018,,Groom,Relatives,6,0,,,,,10000,,
G019,Family & Relatives,Household 019,,Groom,Relatives,9,0,,,,,10000,,
G020,Family & Relatives,Household 020,,Groom,Relatives,1,0,,,,,5000,,
G021,Family & Relatives,Household 021,,Groom,Relatives,2,0,,,,,5000,,
G022,Family & Relatives,Household 022,,Groom,Relatives,1,0,,,,,5000,,
G023,Family & Relatives,Household 023,,Groom,Immediate Family,1,0,,,,,10000,,
G024,Family & Relatives,Household 024,,Groom,Immediate Family,4,0,,,,,0,,
G025,Family & Relatives,Household 025,,Groom,Immediate Family,5,0,,,,,0,,
G026,Family & Relatives,Household 026,,Groom,Relatives,16,0,,,,,30000,,
G027,Family & Relatives,Household 027,,Groom,Relatives,3,0,,,,,10000,,
G028,Family & Relatives,Household 028,,Groom,Relatives,0,0,,,,,20000,,
G029,Family & Relatives,Household 029,,Groom,Relatives,0,0,,,,,5000,,
G030,Family & Relatives,Household 030,,Groom,Relatives,0,0,,,,,5000,,
G031,Family & Relatives,Household 031,,Groom,Relatives,5,0,,,,,10000,,
G032,Family & Relatives,Household 032,,Groom,Relatives,1,0,,,,,10000,,
G033,Family & Relatives,Household 033,,Groom,Relatives,5,0,,,,,25000,,
G034,Family & Relatives,Household 034,,Groom,Relatives,10,0,,,,,50000,,
G035,Family & Relatives,Household 035,,Groom,Relatives,0,0,,,,,15000,,
G036,Family & Relatives,Household 036,,Groom,Relatives,0,0,,,,,5000,,
G037,Family & Relatives,Household 037,,Groom,Relatives,5,0,,,,,10000,,
G038,Family & Relatives,Household 038,,Groom,Relatives,1,0,,,,,5000,,
G039,Family & Relatives,Household 039,,Groom,Relatives,2,0,,,,,5000,,
G040,Family & Relatives,Household 040,,Groom,Relatives,0,0,,,,,15000,,
G041,Friends,Household 041,,Groom,Friends / Work,2,0,,,,,10000,,
G042,Friends,Household 042,,Groom,Friends / Work,1,0,,,,,10000,,
G043,Friends,Household 043,,Groom,Friends / Work,2,0,,,,,10000,,
G044,Friends,Household 044,,Groom,Friends / Work,1,0,,,,,5000,,
G045,Friends,Household 045,,Groom,Friends / Work,1,0,,,,,10000,,
G046,Friends,Household 046,,Groom,Friends / Work,1,0,,,,,10000,,
G047,Friends,Household 047,,Groom,Friends / Work,1,0,,,,,10000,,
G048,Friends,Household 048,,Groom,Friends / Work,1,0,,,,,5000,,
G049,Friends,Household 049,,Groom,Friends / Work,1,0,,,,,5000,,
G050,Friends,Household 050,,Groom,Friends / Work,1,0,,,,,5000,,
G051,Friends,Household 051,,Groom,Friends / Work,1,0,,,,,5000,,
G052,Friends,Household 052,,Groom,Friends / Work,1,0,,,,,5000,,
G053,Friends,Household 053,,Groom,Friends / Work,1,0,,,,,10000,,
G054,Friends,Household 054,,Groom,Friends / Work,1,0,,,,,5000,,
G055,Friends,Household 055,,Groom,Friends / Work,1,0,,,,,5000,,
G056,Friends - SCL,Household 056,,Groom,Friends / Work,2,0,,,,,5000,,
G057,Friends - SCL,Household 057,,Groom,Friends / Work,0,0,,,,,5000,,
G058,Friends - SCL,Household 058,,Groom,Friends / Work,1,0,,,,,5000,,
G059,Friends - SCL,Household 059,,Groom,Friends / Work,1,0,,,,,5000,,
G060,Friends - Ceyentra,Household 060,,Groom,Friends / Work,2,0,,,,,5000,,
G061,Friends - Ceyentra,Household 061,,Groom,Friends / Work,1,0,,,,,5000,,
G062,Friends - Ceyentra,Household 062,,Groom,Friends / Work,1,0,,,,,5000,,
G063,Friends - Ceyentra,Household 063,,Groom,Friends / Work,1,0,,,,,5000,,
G064,Friends - Ceyentra,Household 064,,Groom,Friends / Work,1,0,,,,,5000,,
G065,Friends - Ceyentra,Household 065,,Groom,Friends / Work,1,0,,,,,5000,,
G066,Friends - Ceyentra,Household 066,,Groom,Friends / Work,1,0,,,,,5000,,
G067,Friends - Ceyentra,Household 067,,Groom,Friends / Work,1,0,,,,,5000,,
G068,Friends - Ceyentra,Household 068,,Groom,Friends / Work,1,0,,,,,5000,,
G069,Friends - Ceyentra,Household 069,,Groom,Friends / Work,1,0,,,,,5000,,
G070,Friends - IFS,Household 070,,Groom,Friends / Work,1,0,,,,,5000,,
G071,Friends - IFS,Household 071,,Groom,Friends / Work,1,0,,,,,10000,,
G072,Friends - IFS,Household 072,,Groom,Friends / Work,1,0,,,,,5000,,
G073,Friends - IFS,Household 073,,Groom,Friends / Work,0,0,,,,,5000,,
G074,Friends - IFS,Household 074,,Groom,Friends / Work,1,0,,,,,5000,,
G075,Friends - IFS,Household 075,,Groom,Friends / Work,0,0,,,,,5000,,
G076,Friends - IFS,Household 076,,Groom,Friends / Work,1,0,,,,,5000,,
G077,Friends - IFS,Household 077,,Groom,Friends / Work,1,0,,,,,5000,,
G078,Friends - IFS,Household 078,,Groom,Friends / Work,0,0,,,,,5000,,
G079,Friends - IFS,Household 079,,Groom,Friends / Work,1,0,,,,,5000,,
G080,Friends - IFS,Household 080,,Groom,Friends / Work,1,0,,,,,5000,,
